<?xml version="1.0" encoding="UTF-8"?>
<application version="5" xmlns="http://java.sun.com/xml/ns/javaee" xmlns:xsi="http://www.w3.org/2001/XMLSchema-instance" xsi:schemaLocation="http://java.sun.com/xml/ns/javaee http://java.sun.com/xml/ns/javaee/application_5.xsd">
  <display-name>P1-ejb-transaccional</display-name>
  <module>
    <ejb>P1-ejb-transaccional.jar</ejb>
  </module>
  <module>
    <web>
    	<web-uri>P1-ejb-transaccional-cliente.war</web-uri>
    	<context-root>/P1-ejb-transaccional-cliente</context-root>
    </web>	
  </module>
</application>
