Irene Poza Garau|4579 1165 7919 4384|08/10|05/20|305|
Emiliano Cozar Locke|6496 3318 3339 9724|04/10|07/22|689|
Jack Martinez Pelaez|1725 7286 0489 3263|07/09|03/20|718|
Petra Linus Coll|5804 7661 8556 1810|11/10|04/20|928|
Kate Torres San Martin|3703 9193 7960 4795|10/10|01/20|100|
Luis Moreno Lopez|2039 6424 7433 0841|08/09|05/20|411|
Sofia Moss Poza|2641 2366 4022 9561|04/09|11/22|929|
Eva Reyes Martinez|8183 1447 8251 7421|06/09|10/20|768|
John San Martin Marques|0077 1888 0446 8810|07/09|07/20|151|
Luisa Moreno Ribas|9099 3896 6046 2626|10/10|05/20|113|
Pedro Linus Ribas|5782 6623 4015 7034|11/10|05/22|834|
Jose Pelaez Pomares|1348 0911 3414 8006|02/09|09/20|731|
Gabriel Torres Coll|3075 0497 3140 9104|09/10|10/20|481|
Sofia Marques Marques|6445 5256 3804 2776|08/09|01/20|599|
Jack Moss Reyes|8661 1288 6707 5926|03/09|10/20|261|
Hugo San Martin Marques|4636 1672 3421 4879|11/09|09/20|062|
Camilo Ribas Coll|7716 5723 4439 2033|09/09|09/20|429|
Alberto Garau Moreno|2040 1146 1977 8420|09/09|03/20|889|
Clodoveo Poza Narvaez|1675 4451 2304 4156|01/10|03/20|786|
Randall Moss San Martin|6133 2060 7110 6597|04/09|10/20|941|
Randall Lobo Pelaez|7326 2207 2052 9442|08/09|06/22|390|
Enjuto Garau Lopez|3392 5426 4378 1735|02/09|07/20|894|
Benjamin Moreno Martinez|3550 1972 2232 3092|09/10|07/22|157|
Hugo Lobo Sparrow|5933 0091 5306 8815|06/09|01/20|362|
Hugo Moss Garau|4729 1327 0222 7175|09/10|03/22|761|
Alfredo Martinez Mas|2108 1552 5418 6724|08/10|08/22|005|
Enjuto Gonzalez Cozar|3488 5224 1404 9522|04/09|03/20|910|
Hugo Mojamuto Torres|9233 2326 4930 9558|01/09|02/20|699|
Restituta San Martin Marques|9389 8206 7067 4451|02/10|09/20|407|
Kate Morales Mojamuto|3100 0276 2348 9183|03/09|05/22|287|
Emiliano Torres Ribera|4289 1015 8802 2368|07/09|08/20|886|
Hugo Locke Narvaez|8990 8514 3287 3813|07/09|07/20|757|
Sofia Sparrow Reyes|5895 5455 5700 6797|08/10|07/20|096|
Restituta Moreno Mas|3143 7595 7573 9936|03/10|03/22|606|
Benjamin Narvaez Garau|8206 7390 6387 2171|10/09|02/20|585|
Restituta Lopez Ribera|7077 9446 3200 9548|11/10|02/20|826|
Randall Argudo Coll|5258 9071 4493 1007|11/10|07/22|196|
Alberto Mojamuto Lobo|8731 5530 0446 3110|04/09|03/22|302|
Camilo Dans Cozar|8905 8843 3004 1387|04/09|09/20|133|
Clodoveo Avila Argudo|8208 0380 2718 1837|06/09|03/22|181|
Irene Sparrow Avila|8950 8499 2504 2300|11/10|01/22|574|
Jose Torres Martinez|3923 4930 1929 4824|05/10|06/20|942|
Hugo Gracia Mojamuto|7553 0664 1691 5062|09/10|01/22|710|
Sofia Marques Gracia|4589 5977 9392 4039|08/09|09/20|158|
Emiliano Vallejo Pomares|7964 9801 8062 7897|10/09|05/22|524|
Luis Gibson Gonzalez|1107 3407 1585 5402|06/10|11/20|859|
Luisa Vallejo Martinez|7414 2239 7332 5098|10/10|02/20|548|
Armando Locke Vallejo|8979 4043 2880 9885|07/10|09/22|728|
Benjamin Gibson Dominguez|1094 5134 1873 0912|02/09|04/20|169|
Pedro Gibson Locke|6756 4654 9171 4406|10/10|05/22|868|
Kate Lobo Reyes|3660 9062 2798 1743|04/09|09/20|207|
Blas Reyes Avila|5809 0908 5848 1344|03/10|07/22|846|
Camilo Ribas Gibson|7855 7741 1283 2994|08/10|10/20|497|
Hugo Punset Narvaez|9466 0379 5112 4030|08/09|04/22|758|
Petra Narvaez Sparrow|3100 7507 0839 4044|09/10|05/22|392|
Gonzalo Gonzalez Marques|5691 7434 7794 9898|05/09|03/20|288|
Francisco Argudo Martinez|7211 8555 7631 4251|06/10|02/20|136|
Pedro Dans Reyes|7665 0661 4130 0577|01/10|04/22|637|
Petra Mojamuto Gibson|6611 0642 3996 1509|08/09|01/22|149|
Restituta Moreno Punset|9766 3812 0160 4212|05/10|03/20|891|
Alberto Coll Locke|4316 4216 3063 8058|10/10|08/20|651|
Gonzalo Moss Vallejo|2910 7162 8419 8644|08/10|04/20|527|
Hugo Avila Marques|8786 9363 3196 9832|11/09|01/22|465|
Kate Martinez Ribera|1824 3334 3171 7015|01/09|07/20|781|
Gabriel Vallejo Avila|0308 4521 1642 0628|10/09|09/20|014|
Luis Mojamuto Poza|3325 1384 7220 4168|07/09|03/20|026|
Francisco Punset Padro|9940 8585 5495 5330|05/09|11/20|152|
Armando Morales Garau|8143 7976 8385 9029|01/09|02/20|494|
Sofia Gonzalez Ribas|8518 5534 1328 9720|09/10|06/20|534|
Gonzalo San Martin Moreno|4515 5144 4185 9731|02/10|06/22|287|
Petra Marques Lobo|5965 0134 1182 5279|06/09|07/20|873|
Jack Linus Linus|3976 9306 9350 9915|08/10|03/22|847|
Francisco Punset Sparrow|5722 4753 6029 3607|04/09|05/22|733|
Blas Locke Lobo|4216 3938 7169 8301|05/10|02/22|288|
Alfredo Sparrow Marques|3216 2949 4901 9575|01/09|01/20|902|
Benjamin San Martin Marques|5286 0566 7635 4643|08/09|09/22|409|
Francisco Argudo Moreno|7186 7103 8889 2494|05/10|07/20|782|
Pedro Lopez Reyes|9502 3111 2252 5998|09/10|06/20|347|
Luisa Gonzalez Argudo|5574 3877 9530 0177|07/10|02/22|839|
Alberto Sparrow Narvaez|0479 0055 0425 6792|03/09|08/20|557|
Armando Poza Punset|9482 4126 5224 8945|10/09|11/20|184|
Jack Poza Coll|9310 1805 6048 4180|04/10|06/20|042|
Eva Torres Pomares|0098 6097 1021 7231|09/09|01/22|783|
Jack Vallejo Pelaez|5555 5733 8115 0600|07/10|04/22|601|
Luisa Gracia Coll|3802 0596 1484 0239|10/09|06/22|337|
Gonzalo Linus Sparrow|8571 7517 4258 7222|01/10|01/20|334|
Kate Moss Reyes|6667 0848 3845 1927|02/09|11/20|061|
Irene Locke Locke|6166 3398 8314 4402|07/10|02/20|514|
Camilo Martinez Poza|9968 0569 1797 0148|05/10|07/22|185|
Jack Mojamuto Garau|7545 7785 8680 9490|01/09|03/22|605|
Sofia Dominguez Padro|5996 3219 9583 1161|10/10|04/22|173|
Luis Poza Narvaez|7273 9201 5509 1858|03/10|08/20|342|
Gonzalo Lopez Sparrow|0882 5285 5781 9732|03/10|11/20|256|
Randall Reyes Reyes|1010 1158 6152 6370|04/10|01/22|920|
Petra Linus Ribera|3791 3283 1504 0343|04/10|08/20|510|
Restituta Poza Pelaez|4916 6077 8579 0717|11/09|05/22|532|
Pedro Sparrow Vallejo|1275 3134 4376 6760|07/09|09/22|575|
Restituta Morales Mas|8717 8450 5836 9041|06/09|03/20|293|
Benjamin Locke Linus|7146 3518 4745 8091|06/10|03/22|099|
Armando Ribera Gibson|5756 6100 1894 1028|04/09|06/22|424|
Alberto Dominguez Dans|5431 6148 4764 0361|09/10|03/20|684|
Camilo Martinez Ribas|9353 6114 1629 7000|11/09|10/20|497|
Randall Linus Moreno|2807 1849 6490 1268|04/10|03/20|696|
Jack Sparrow Avila|4695 2787 9187 2179|10/09|11/20|994|
Blas Lobo Coll|1347 2376 5618 3373|10/09|06/22|944|
Kate Poza Punset|2334 2695 5134 4942|04/09|03/20|756|
Sofia Lobo Morales|4511 1513 2693 5905|08/10|01/22|287|
Irene San Martin Dans|9113 0382 7128 6172|08/10|03/22|262|
Jack San Martin Gracia|4897 7077 0502 8889|07/09|03/22|570|
Petra Coll Argudo|2675 6048 7336 0916|08/10|04/22|705|
Clodoveo Mas Gonzalez|8060 3004 1037 8020|06/09|04/20|292|
Alberto Coll Mas|2075 7981 2133 8730|04/09|07/22|937|
Benjamin Ribas Gibson|8679 4853 1041 6856|08/10|01/20|154|
Emiliano Dans Garau|3136 2027 4046 1262|05/10|05/22|263|
Francisco Coll Poza|9316 0234 3139 8554|05/09|10/22|197|
Margarita Garau Cozar|7646 5668 8911 2180|06/09|05/22|660|
Gabriel Ribera Sparrow|9313 8045 2589 9808|03/10|08/20|717|
Eva Lopez Mojamuto|7632 4490 5616 9301|01/10|10/22|658|
Eva Argudo Lobo|3664 4927 5778 9559|10/09|07/20|960|
Kate Gibson Gonzalez|3630 2186 4522 9777|03/09|11/22|049|
Sofia Sparrow Morales|1419 3599 9639 1974|10/09|04/20|250|
Jack Dominguez Pomares|5598 5407 4912 5109|05/09|03/20|300|
Kate Garau Lopez|3225 2528 7357 5989|03/09|05/20|760|
Sofia Ribas Dominguez|6374 5935 9802 1858|03/10|01/22|059|
Jack Locke Narvaez|9209 8987 2929 1359|06/10|08/20|468|
Jose Dominguez Ribera|0366 2340 0357 4889|07/09|08/20|072|
Hugo Gracia Moreno|8713 3824 7788 0040|02/09|11/22|379|
Enjuto Locke Pelaez|2102 8091 4741 6996|08/09|04/20|473|
Alberto Punset Mas|3421 5279 0710 5911|07/09|04/20|361|
Kate Marques Lopez|5009 6369 8546 4157|02/10|09/20|207|
Jack Locke Sparrow|2096 6985 6279 7718|07/09|07/22|173|
Blas Ribera Poza|7519 7560 0191 6918|09/09|03/22|972|
Restituta Sparrow Punset|4103 1101 6619 2479|04/09|04/22|935|
Irene Argudo San Martin|3950 9861 4001 5325|07/09|03/22|323|
Luis Lobo Narvaez|7471 1630 0375 6288|03/10|10/22|891|
Armando Cozar Dominguez|9052 6771 5196 2795|05/10|04/22|277|
Kate Reyes Poza|3915 0834 1636 5214|09/09|07/22|372|
Luisa Vallejo Dans|8534 1015 4148 0323|01/09|08/20|191|
Clodoveo Coll Ribera|1181 6506 1278 3875|04/10|09/22|717|
Benjamin Moreno Poza|7994 4283 2846 6881|02/09|11/20|761|
Benjamin Narvaez Punset|3389 6184 1401 8822|07/10|01/22|818|
Petra Lobo Punset|3888 9103 6158 6433|08/09|10/20|225|
Randall Reyes Ribera|2386 2710 4251 7722|07/09|11/20|822|
Emiliano Pelaez Coll|1178 5053 8221 9878|03/09|05/20|988|
Camilo Pelaez Gonzalez|7278 4161 6257 1874|04/09|01/20|442|
Luisa Garau Locke|6521 5344 6587 3644|01/09|04/20|511|
Jose Torres Sparrow|4395 0829 9747 5573|03/09|05/22|822|
Luis Cozar Poza|2949 0672 5103 7162|08/09|11/20|868|
Restituta Marques Torres|8446 8326 2234 5633|07/09|10/22|022|
Enjuto Poza Lopez|3611 5486 5530 5693|07/09|11/22|734|
Irene Poza Narvaez|4566 8211 1917 4594|04/10|08/22|797|
Gonzalo Poza Martinez|1109 6682 4159 0885|10/09|04/20|135|
Francisco Pomares Mas|3538 0701 2089 7828|04/09|08/22|842|
Petra Marques Narvaez|2958 8592 4662 0761|11/09|06/20|072|
Alfredo Marques Lobo|8475 4169 3833 7062|06/10|09/22|294|
Camilo Narvaez Ribera|7211 1807 6695 5654|04/09|07/22|528|
Jose Padro Garau|6355 7240 0810 3832|11/10|08/22|219|
Clodoveo Reyes Pelaez|5107 2936 4220 3992|02/09|09/22|301|
Gabriel Moreno Punset|4593 5354 0758 5337|10/10|02/20|992|
Hugo Gracia Gibson|9161 6225 2451 5189|10/09|10/22|532|
Eva Ribera Padro|2824 8479 4666 4377|07/10|03/22|612|
Camilo Morales Coll|1298 5131 0129 1654|11/09|06/20|048|
Emiliano San Martin Lopez|0377 4369 8832 7859|02/09|05/22|615|
Benjamin Sparrow Marques|0011 5348 6596 5232|08/09|11/20|924|
Enjuto Morales Poza|4625 9815 9802 5579|07/10|09/22|217|
Blas Moss Narvaez|5552 9929 2784 2013|07/09|03/20|088|
Sofia Lopez Padro|9601 1256 4563 5639|10/10|03/20|946|
Sofia Reyes Locke|2237 0097 5538 2287|04/10|02/20|340|
Camilo Cozar Marques|5779 1013 8184 3787|05/09|02/22|917|
Petra Poza Martinez|0198 5777 9037 4513|11/10|02/20|039|
Enjuto Pelaez Mas|0462 2476 6229 4764|08/10|11/20|767|
Restituta Cozar Lopez|9035 4675 3972 7268|06/09|08/20|446|
Petra Lobo Moss|5253 7541 1835 5788|05/09|07/22|970|
Armando Punset Morales|6203 9990 1659 0945|11/10|05/20|801|
Hugo Gonzalez Martinez|5121 9634 4356 1098|02/10|04/20|607|
Alfredo Padro Argudo|3298 8063 0548 5446|07/10|08/20|706|
Luisa Mojamuto Dans|9338 6607 9949 4459|08/10|01/22|536|
Alberto Gonzalez Garau|4796 0585 8363 7507|05/10|04/22|295|
Clodoveo San Martin Padro|6056 7001 7532 9106|02/10|03/22|439|
Irene Morales Pelaez|6148 7246 4217 0511|02/09|01/22|179|
Francisco Lopez Avila|5072 0519 0171 6581|03/09|09/22|452|
Alfredo Ribas Punset|7904 2364 0612 5146|04/10|05/20|794|
Emiliano Mas Gracia|1648 9155 6479 8185|09/10|11/20|328|
Francisco Martinez Vallejo|1013 0120 8630 0322|01/09|04/22|347|
Sofia Padro Martinez|1878 2390 8099 0317|02/09|04/22|765|
Pedro Martinez Garau|6111 2693 5487 8632|10/09|07/20|593|
Francisco Marques Ribas|4815 9961 4586 2664|01/10|03/22|419|
Francisco Sparrow Gibson|6567 4753 2853 2906|02/09|06/22|008|
Restituta Lobo Reyes|7333 7656 8803 0490|11/09|08/20|869|
Blas Punset Lopez|3598 3916 5154 3762|07/10|10/22|549|
Irene Morales Lopez|1260 9892 5638 5678|01/10|06/20|576|
Alberto Pomares Moss|4243 6908 8481 9414|05/10|06/20|964|
Camilo Pomares Punset|9042 1950 8088 7641|06/10|06/22|618|
Petra Narvaez Linus|6360 6850 9671 5773|07/09|09/20|754|
Armando Lobo Punset|0306 4069 7941 8014|02/09|09/20|514|
Benjamin Torres Avila|1954 7633 9300 3594|03/10|11/20|630|
Eva Gibson Garau|0804 0219 0090 5358|09/10|08/22|231|
Blas Moss Reyes|8700 6343 5155 1161|10/09|08/22|061|
Restituta Mojamuto San Martin|4529 0304 2495 3575|03/10|02/22|485|
Pedro Dans Gibson|3124 1139 8590 1300|07/09|08/22|517|
Francisco Narvaez Argudo|1448 5043 7564 4990|10/10|06/20|214|
Gonzalo Martinez Punset|1542 6901 0829 9322|10/09|02/22|145|
Sofia Lopez Ribas|3303 4464 9242 1729|10/09|05/22|813|
Kate Marques Moreno|1234 4810 2621 8233|02/10|11/22|873|
Eva Morales Linus|9685 0987 0605 9565|11/09|11/22|109|
Margarita Pomares Avila|8840 3832 5087 3283|11/10|07/20|127|
Luisa Reyes Gonzalez|8008 7331 8998 7788|06/10|07/20|717|
Petra Pelaez Garau|9159 0889 0382 1499|04/10|11/22|990|
John Lobo Reyes|6032 4266 7143 6802|07/10|07/22|340|
Benjamin Dans Martinez|1954 1521 6358 5856|01/09|04/20|134|
Sofia Cozar Narvaez|1552 4836 8132 2955|01/10|02/20|645|
Jack Dominguez Cozar|9961 7751 6324 9105|07/09|11/20|096|
John Reyes Mas|8966 0467 7273 3475|06/10|02/22|857|
Eva Torres Punset|2655 9458 0338 0948|08/10|07/22|550|
Emiliano Vallejo Moreno|6313 2170 7347 8087|06/09|05/22|994|
Blas Gonzalez Mojamuto|4655 7610 8082 4177|10/09|08/22|651|
Eva Narvaez Narvaez|6616 5722 1439 6253|07/09|03/20|029|
Sofia Dans Linus|7588 1065 1783 8790|05/10|07/22|031|
Jose Reyes Punset|1239 2187 4280 9166|03/10|08/22|089|
Sofia Narvaez Locke|8363 6451 3402 1850|09/09|09/22|101|
Clodoveo Morales Mojamuto|7216 1395 7717 3470|05/09|10/20|912|
Camilo Pomares Punset|8529 4784 8051 2336|11/10|11/22|708|
Blas Cozar Punset|4232 3024 9016 0840|07/09|04/22|244|
Jack Locke Martinez|6816 5984 9662 7431|03/09|09/20|253|
Pedro Vallejo Torres|4962 6812 3393 7217|09/09|05/20|155|
Gonzalo Ribera Padro|3463 6934 4322 4070|01/10|11/20|573|
Blas Dans Sparrow|2096 4432 4218 0070|02/09|09/22|403|
Pedro San Martin Pelaez|4283 5123 0984 3663|04/10|01/22|526|
Irene Coll Gonzalez|5789 3221 3188 0820|07/09|02/22|612|
Enjuto Lopez Mas|8130 5349 7426 8030|08/09|11/20|473|
Margarita Reyes Pelaez|3327 7397 9197 0340|08/09|02/20|899|
Randall Dans Lopez|1611 1681 2206 5479|02/09|08/20|738|
Margarita San Martin Pelaez|8417 2081 0454 6807|04/10|03/22|742|
Francisco Pelaez Mas|4280 5100 7694 4638|02/09|03/20|109|
Alfredo Punset Moss|2244 0276 7571 4475|09/09|07/20|481|
Enjuto Gonzalez Cozar|0212 0553 3955 4877|11/10|01/20|101|
Jose Martinez Pelaez|5996 1477 3862 6631|06/09|11/22|378|
Hugo Ribera Garau|8078 4887 4816 6076|07/10|11/20|761|
Armando Lopez Ribera|0145 4783 3246 1260|01/10|03/22|244|
Luisa Pelaez Argudo|2263 6739 4595 3830|02/10|08/20|468|
Alfredo Lobo Mas|2321 7199 5270 0172|03/09|03/22|835|
Gabriel Mojamuto Lobo|2900 9531 3109 9193|03/09|06/20|902|
Emiliano Narvaez Dans|0305 6382 4158 4420|06/09|03/20|548|
Kate Punset Mojamuto|9642 0904 6473 7752|03/10|10/22|639|
Francisco Dans Lopez|4371 8202 9779 1964|05/09|11/22|976|
Irene Sparrow Mojamuto|4167 4340 6975 8891|07/10|07/22|888|
John Mas Dans|3254 2449 8244 3398|07/09|11/22|014|
Luis Gibson Punset|1873 6294 6789 9309|09/10|03/22|770|
Jack Argudo Padro|1728 9480 7186 1442|05/10|06/20|524|
Camilo Padro Reyes|6766 8731 2094 8137|04/09|01/22|697|
Gonzalo Morales Gibson|2410 1302 2255 8372|04/10|08/20|542|
Gonzalo San Martin Punset|1914 5312 1248 9412|11/09|11/20|366|
Armando Linus Ribas|4854 4165 0102 4642|11/09|11/22|805|
Clodoveo Garau Ribera|3788 5230 8814 1893|07/09|02/20|659|
Randall Marques Dans|1473 9611 6762 9511|09/10|05/20|936|
Camilo Gonzalez Narvaez|6195 4569 4724 4430|03/10|08/22|393|
Kate Narvaez Argudo|1104 0517 7448 6794|06/09|11/20|984|
Pedro Cozar Moreno|2779 7421 8273 4352|01/09|05/22|267|
Alfredo Coll Morales|1084 2978 9615 7080|10/09|05/20|226|
Benjamin Reyes Gonzalez|6592 6104 1562 3976|11/10|06/20|981|
Irene Pomares Gibson|0284 4714 9966 4714|11/09|09/20|555|
Clodoveo Gonzalez Punset|9232 6028 7106 8006|08/09|04/20|178|
Luis Mas Dans|6415 0768 7894 6104|05/10|04/20|813|
Alberto Lopez Marques|6647 3728 9871 9712|05/09|01/22|702|
Benjamin Sparrow Poza|3636 7612 0335 9829|03/09|01/20|207|
Pedro Punset Mojamuto|6387 1102 7771 4214|02/10|01/22|641|
Kate Dans Gonzalez|3188 1195 0949 4630|02/10|09/20|607|
Pedro Marques Martinez|9123 5229 5332 9570|06/09|08/20|122|
Emiliano Pelaez Reyes|2413 2127 9788 2292|05/10|09/22|253|
Jack Martinez Marques|1983 1814 4838 5850|05/09|04/22|164|
Kate Garau Ribas|0700 4915 3310 4843|06/09|07/20|292|
Gabriel Coll Vallejo|8836 3468 5602 0832|11/10|08/20|788|
Pedro Morales Poza|6564 6136 9474 3225|01/10|02/20|123|
Francisco Moreno Gibson|2809 5102 8616 2717|10/10|06/20|301|
Restituta Poza Mas|4522 0374 5451 0608|11/09|11/22|967|
Clodoveo Lopez Cozar|1976 6820 8962 8711|08/09|04/20|865|
Gabriel Dominguez Argudo|3568 4400 7214 7271|04/09|09/22|795|
Luisa Reyes Torres|0785 4010 4647 3396|05/10|05/22|130|
Alberto Cozar Avila|0172 2890 9038 8166|10/10|02/20|155|
Gabriel Ribera Ribas|7682 8291 8928 5456|11/10|05/20|222|
Luisa Poza San Martin|3796 2509 8737 1519|03/09|01/22|482|
Jack Avila Linus|1403 8674 1188 4845|11/09|09/22|418|
Alberto Ribas Gracia|1467 4864 8089 6276|10/10|08/20|681|
Jose Pomares Torres|6943 5111 4760 4214|04/09|04/20|789|
Restituta Vallejo Padro|1525 6981 6278 8431|09/10|06/22|259|
Camilo Sparrow Lopez|4359 5878 7549 6794|11/09|01/20|561|
Jose Lobo Reyes|8683 3530 7222 5409|06/10|08/22|748|
Jose Linus Punset|4234 0511 2100 4939|03/10|09/22|613|
Alberto Reyes Garau|5391 9606 3479 1246|01/10|01/20|063|
Eva Argudo Poza|9216 7648 6527 5974|05/10|02/20|293|
Margarita Moreno Gracia|6259 3055 0173 5387|11/10|01/20|870|
Camilo Ribas Dans|1416 6825 1795 3698|02/10|10/20|418|
Blas Linus Marques|6559 1499 9006 9703|11/10|03/22|445|
Jack Locke Argudo|7585 8831 7626 1618|09/09|05/22|410|
John Mojamuto Gibson|5134 1110 0150 9623|10/10|10/22|859|
Hugo Reyes Pomares|8081 3469 7826 9405|07/10|10/20|790|
Luis Moss Gibson|9693 3392 4535 3837|03/10|04/22|789|
Luis Linus Avila|6846 6550 3785 1836|07/10|02/22|783|
Emiliano Locke Vallejo|3107 4725 2867 1919|11/09|02/22|547|
Enjuto Linus Torres|6268 5893 1461 7451|08/10|10/22|611|
Armando Gonzalez San Martin|9425 8832 3258 5930|02/10|10/20|159|
Gonzalo Poza Dominguez|3594 7432 0756 6556|08/09|09/20|904|
Kate Morales Cozar|4142 5979 1523 1446|07/10|04/22|035|
Randall Pelaez Garau|2976 4896 3399 0320|07/10|02/22|010|
Emiliano Punset Lobo|4861 2313 5494 7255|10/10|01/22|339|
Sofia Marques Coll|5475 1407 5674 2761|06/09|05/22|221|
John Mas Punset|9548 6106 0754 7059|03/10|08/22|878|
Alberto Dans Pomares|2406 3852 8174 3848|09/09|11/20|088|
Pedro Dominguez Reyes|7051 7372 7459 6117|02/09|09/22|364|
Benjamin Gracia Lobo|5361 2617 8683 3443|06/10|01/22|985|
Blas Dominguez Punset|8374 1136 5782 7774|11/09|07/22|269|
Camilo Coll Lopez|9907 6968 1708 9446|05/10|07/22|914|
Sofia Lopez Garau|7583 1433 1412 2477|11/10|08/20|939|
Armando Dominguez Gracia|7727 3846 8931 4252|02/09|09/22|026|
Eva Punset Morales|8080 1524 7011 6680|01/09|02/22|938|
Gabriel Martinez Locke|5752 3528 0298 4134|08/10|01/20|996|
Enjuto Martinez Gonzalez|8931 8379 8345 7949|08/10|06/20|721|
Kate Moreno Poza|8927 1406 5097 6797|01/10|01/22|750|
Irene Gibson Reyes|1575 5827 5509 5739|08/10|03/20|264|
Margarita Pelaez Gonzalez|8809 5490 6070 2907|10/09|06/20|179|
Restituta Marques Linus|3673 7808 8820 5414|01/10|06/20|337|
Hugo Ribera Poza|2812 0762 4913 5667|11/10|11/20|446|
Enjuto Locke Mas|4320 1119 9902 6342|05/10|08/20|921|
Randall Moss Gibson|2410 8150 5904 4963|10/10|08/20|689|
Petra Dominguez Argudo|6070 8978 8937 9545|03/10|02/22|998|
Camilo San Martin Ribas|8485 3900 9254 9253|02/10|01/22|965|
Benjamin Marques Morales|2533 8200 1986 6155|08/10|07/22|761|
Petra Coll Lobo|8587 4930 1148 9427|01/10|09/20|867|
Gonzalo Pomares Lobo|1447 6410 4428 7048|03/09|09/20|553|
Emiliano Pomares Gibson|8844 8391 5011 6463|08/09|06/22|989|
Petra Cozar Ribas|5182 4436 1832 8559|05/10|05/22|592|
Luis Gracia Garau|5611 1768 5627 6278|02/09|05/20|362|
Alberto Sparrow Mas|3923 3352 8966 1569|11/10|11/22|277|
Luisa Gracia Padro|5029 2078 7765 4887|11/10|06/20|060|
Enjuto Punset Gonzalez|3433 9897 3104 7175|01/09|07/22|841|
Eva Lobo Narvaez|8881 7442 2408 3710|01/09|07/20|704|
Emiliano Moreno Marques|1512 7790 0012 9548|04/09|08/20|587|
Pedro Moreno Narvaez|4747 6317 8544 8283|06/10|10/20|577|
Petra Padro Moss|9269 4158 9794 0082|11/10|08/20|150|
Kate Lobo Gibson|3904 1081 7287 7331|07/10|09/20|079|
Alfredo Coll Pelaez|2141 5851 4355 7230|06/09|07/22|972|
Armando Mas Moss|7231 6780 2070 7120|06/09|11/20|721|
Jack Padro Locke|3742 2027 7057 6914|05/09|09/20|519|
Alberto Pelaez Punset|5392 5475 6193 2403|04/09|08/22|559|
Jose Marques Mas|6302 3635 3030 8362|08/10|06/22|900|
Luis Torres Ribera|7367 4599 3119 8201|11/09|11/22|300|
Benjamin Vallejo Marques|2736 9857 5034 8839|03/09|03/22|066|
Luis Martinez Padro|3261 0177 6757 0201|09/09|03/20|619|
Pedro Punset Vallejo|8268 0672 9632 6427|01/09|03/22|207|
Camilo Cozar Linus|6596 4960 8133 7619|08/10|03/20|356|
Irene Marques Punset|8999 7202 9938 2086|01/09|10/22|587|
Restituta Pomares Lobo|2521 1362 1892 9840|05/09|05/22|747|
Armando Moreno Mojamuto|8537 8739 1990 2086|07/09|09/20|177|
Jose Torres Coll|3655 0083 2322 9419|06/10|06/20|401|
Alfredo Linus Vallejo|9596 7217 8069 8508|02/10|04/20|146|
Alberto Avila Garau|2521 4608 6757 1000|01/09|06/20|258|
Francisco Coll Poza|9280 9122 2837 8773|10/10|04/20|738|
John Martinez Locke|9682 1770 5191 0613|10/10|10/20|768|
Jose Ribera Gibson|3322 2742 1586 3079|06/09|06/20|099|
Jose Argudo Padro|9545 8054 0000 0666|05/09|08/20|147|
Armando Argudo Morales|8324 9325 4576 3512|01/10|01/20|156|
Clodoveo Lobo Morales|8855 7629 8695 7288|07/09|01/22|601|
Gabriel Torres Pomares|1904 2517 2721 8122|03/10|10/20|670|
Francisco Morales Martinez|4701 7781 9033 3069|06/09|09/20|311|
Kate Martinez Gonzalez|8187 8853 3925 4302|01/10|01/22|817|
Petra Torres Cozar|7508 1021 3808 0094|05/09|03/20|292|
Restituta Martinez Sparrow|5595 2885 6726 9259|07/10|11/20|689|
Blas Gonzalez Ribas|7257 5381 5312 0054|08/10|04/20|453|
Enjuto Padro Locke|5800 8869 2386 2689|03/10|05/22|676|
Camilo Gracia Gibson|3712 8014 1913 5905|11/09|05/22|977|
Gonzalo Gibson Moreno|3309 3403 8172 3636|10/10|11/22|949|
Camilo Mojamuto Ribera|6871 6131 4955 1977|04/09|06/20|014|
Camilo Sparrow Vallejo|7293 7348 2036 4595|01/10|03/22|197|
Enjuto San Martin Marques|5082 7771 7456 7333|07/10|09/22|269|
John Moreno Ribas|1983 7888 4259 2948|07/09|06/20|006|
Benjamin Locke Pelaez|3858 7495 0794 3979|09/09|01/22|567|
Kate Locke Poza|7022 9000 6612 7424|11/10|11/22|206|
Margarita Pomares Pelaez|1562 6157 8446 4479|11/09|08/20|951|
Camilo Lobo Narvaez|7690 5025 7087 2988|11/09|04/22|023|
Camilo Pomares Morales|8968 1917 0309 7854|10/10|05/22|470|
Eva Ribera Gibson|9401 3382 8045 7788|11/09|01/20|859|
John Dans Mas|3306 0731 7426 6794|04/09|04/22|668|
Armando Mojamuto Coll|7867 2347 3652 2949|07/09|06/20|941|
Margarita Lopez Dans|2762 5751 9063 7256|09/10|04/22|566|
Alfredo Punset Gonzalez|2486 0341 0177 0031|09/09|06/20|217|
Alberto Locke Moreno|9849 7639 0664 3686|02/09|03/20|180|
Eva Moreno Mojamuto|9762 6557 5507 1417|03/09|04/22|233|
Pedro Garau Lopez|9163 2113 6634 3984|10/10|02/22|550|
Eva Ribera Gonzalez|4923 2181 5254 2699|06/10|09/22|585|
Pedro Mas Martinez|0856 0888 1764 2956|09/10|05/20|067|
Margarita Argudo Padro|2587 6274 4644 6616|07/09|06/22|192|
Hugo Pelaez Ribas|4070 5488 9117 7859|05/10|01/20|855|
Camilo Linus Sparrow|7882 1868 4058 9134|09/09|07/22|124|
Margarita Reyes Coll|0901 3601 6458 4241|03/09|06/22|564|
Emiliano Dominguez Vallejo|9368 2326 5761 1243|07/09|08/22|759|
Randall Reyes Punset|2200 8817 0073 4567|02/10|09/22|754|
Luis Marques San Martin|2676 0537 7136 4649|04/09|02/22|355|
Pedro Morales Pomares|0697 9831 4306 6844|01/09|08/20|663|
Margarita Reyes Moss|9508 3750 5535 1443|07/10|01/20|304|
Sofia Linus Sparrow|7420 8663 4687 5901|11/09|11/20|165|
John Poza Moreno|7251 1819 4791 7769|11/09|10/20|717|
Enjuto Pomares Lobo|5081 9731 4508 5285|01/09|11/22|793|
Gabriel Padro Torres|9163 6009 6415 2051|05/09|07/22|485|
Eva Argudo Marques|3335 4778 7541 7299|02/09|04/22|779|
Kate Dans San Martin|1416 7317 8641 8017|02/10|11/20|672|
Kate Poza Coll|0001 7771 6822 7061|10/10|05/22|520|
Francisco Padro Sparrow|3514 8800 6160 0053|11/09|05/20|899|
Alfredo Punset Martinez|2893 4945 5209 6366|08/10|08/22|647|
Sofia Martinez Cozar|6024 3324 5226 6910|01/09|05/20|847|
Enjuto San Martin Sparrow|5366 3385 3265 1777|05/09|03/22|671|
Enjuto Avila Avila|0942 8004 8734 8569|03/09|02/20|411|
Restituta Lopez Vallejo|1649 1703 2152 8635|07/09|01/22|548|
Camilo Punset Padro|4294 0661 7620 8072|06/10|04/22|907|
Hugo San Martin Padro|2768 9678 3916 7838|06/09|07/20|753|
Pedro Narvaez Mas|4565 6342 3954 6004|05/10|10/20|129|
Eva Poza Morales|3638 2208 3715 9330|01/10|11/20|489|
Blas Locke Martinez|4402 3038 1077 6208|05/10|04/20|224|
Clodoveo Sparrow Cozar|1871 9944 0511 5058|07/09|06/20|424|
Armando Moss Pelaez|5789 3629 5041 9008|05/10|11/20|187|
Luisa Reyes Lopez|3461 9466 8120 8381|06/09|08/20|949|
Pedro Dans Padro|0174 9505 3292 7779|07/09|04/20|645|
Clodoveo Narvaez Morales|1046 7254 0014 5770|01/10|01/20|995|
Hugo Marques Poza|6384 1444 9569 3333|01/10|08/20|586|
Petra Dominguez Punset|0084 9093 5267 9866|03/09|03/22|503|
Francisco Dominguez Sparrow|6722 5104 1493 7024|09/10|05/22|859|
Clodoveo Vallejo Morales|9711 7492 4654 5362|01/10|06/20|641|
Jose Lopez Marques|1375 7145 2972 3622|04/09|04/20|135|
Jose Sparrow Garau|6555 9888 2990 5568|08/09|04/20|697|
Clodoveo Garau Garau|9773 9640 0523 8243|09/10|04/20|450|
Petra Pelaez Locke|5644 2670 0715 1615|11/09|10/22|414|
Randall Lopez Gracia|4986 0350 3140 6766|08/09|04/20|033|
Clodoveo Mojamuto Gracia|3029 6652 6994 4262|05/10|04/20|005|
Alfredo Coll Linus|2797 8365 4180 2123|02/10|02/22|979|
Camilo Sparrow Locke|9211 7455 2803 2554|06/09|05/20|867|
Petra San Martin Cozar|7084 8699 0026 6770|05/10|03/22|636|
Emiliano Garau Martinez|3883 0651 0775 4533|03/09|11/22|074|
Jack San Martin Punset|4890 9152 6903 7948|09/09|05/20|788|
Jack Moreno Gibson|3667 5790 7413 2284|09/10|06/20|947|
Sofia Punset Martinez|0651 3206 8511 2732|01/10|05/22|783|
Camilo Gibson San Martin|6765 3536 3083 5685|05/10|04/22|673|
Clodoveo Gibson Pomares|6343 0877 5330 2794|08/10|05/20|556|
Margarita Dans Dominguez|1731 9679 6027 4053|01/10|04/22|482|
Camilo Padro Mas|1065 3349 9375 9427|09/10|06/22|364|
Alberto Moreno Locke|0732 3465 5007 9081|04/10|10/22|221|
Luis Ribas Reyes|5433 1120 9201 6389|01/09|07/20|234|
Alfredo Ribas Moreno|4554 7348 3676 3711|01/09|01/22|921|
Blas Moreno Linus|5680 9734 2649 0801|03/09|08/20|964|
Jose Morales Mas|0605 0033 8867 1876|04/10|02/20|122|
Luis Lobo Moreno|6714 5796 3808 4650|08/10|09/20|170|
Francisco Moreno Marques|4235 0625 6434 6734|03/10|06/20|502|
Pedro Pomares Moss|0526 4237 3227 5651|09/10|06/20|684|
Francisco Dominguez Punset|3767 4569 2120 4935|08/09|09/20|111|
Pedro Morales Lobo|6335 8211 6539 3812|03/10|01/20|745|
Alfredo San Martin Pomares|4460 9111 5491 8183|11/10|01/20|065|
Kate Padro Moreno|5576 2312 9244 6663|04/09|08/20|913|
Jack Garau Poza|3357 9009 8730 5409|02/10|05/20|012|
Randall San Martin Mojamuto|8441 3378 4715 7159|09/09|11/20|631|
Blas Dans Ribera|1948 5761 6970 6090|07/09|11/20|540|
Hugo Martinez Pomares|9499 7684 5829 9241|03/09|08/22|400|
Restituta Coll Locke|0474 7137 2738 3711|08/09|02/20|122|
Emiliano Torres Moreno|6145 1555 1384 9044|07/10|05/20|740|
Camilo Gibson Moss|7509 4670 9575 5388|03/10|06/22|279|
Luis Dans Gracia|5551 1643 3128 5295|09/09|09/20|857|
Sofia Vallejo Poza|9514 8756 8725 5548|03/10|08/20|368|
Enjuto Narvaez Lopez|2828 6540 8600 4730|11/09|10/22|008|
Irene Moreno Argudo|7431 6476 9257 1821|04/09|09/22|604|
Margarita Garau Lopez|7275 2664 1586 9639|06/10|03/22|769|
Jack Ribera Narvaez|7386 2682 8335 0780|02/10|06/20|425|
Gonzalo Mojamuto Gibson|8578 4127 1834 0943|06/09|06/22|984|
Petra Marques Vallejo|1794 6524 6399 9934|06/10|10/22|319|
Francisco Pelaez Linus|5480 7301 7171 1956|11/09|04/22|621|
Alfredo Padro Mojamuto|5777 5418 9072 0134|03/10|09/22|418|
Gonzalo Pelaez Linus|0734 1515 9667 4979|05/10|10/20|239|
Pedro Dominguez Padro|0142 1085 6821 1548|04/10|04/22|829|
Armando Torres Morales|9820 9755 2252 2226|08/10|02/20|341|
Jack Argudo Linus|4431 6387 6026 8000|09/10|07/20|725|
Luisa Punset Ribera|1598 1732 1194 5445|02/09|02/20|252|
Benjamin Mojamuto Narvaez|3636 8615 6500 9780|05/10|09/20|396|
Jack Vallejo Vallejo|4562 6111 4717 1629|09/09|10/22|773|
Hugo Coll Lopez|5160 7387 2114 0269|01/10|09/22|290|
Gabriel Pomares Sparrow|1694 9694 2977 4263|08/09|04/20|566|
Eva Padro Dominguez|8664 4110 9469 3221|01/10|04/22|746|
Margarita Morales Martinez|5524 5305 0263 8289|11/10|10/22|901|
Camilo Narvaez Ribera|7926 9556 8881 9634|11/09|02/20|320|
Margarita Dominguez Gibson|0534 0803 1002 7394|04/10|08/20|841|
Camilo Martinez Pelaez|4833 9097 8170 8604|06/09|01/20|185|
Petra Punset Linus|3546 6767 9197 8903|09/09|05/20|407|
Luisa Avila Mojamuto|7288 5579 6549 5944|08/10|11/20|701|
Blas Morales Argudo|3133 2768 8411 1969|02/10|05/20|424|
Camilo Lopez Cozar|5455 2851 5148 0601|06/09|09/22|444|
Luisa Sparrow Marques|1262 9866 4516 2345|05/10|06/20|308|
Eva Poza Moss|5409 4313 2529 9375|10/10|01/22|620|
Jack Garau Gracia|4868 0813 0180 1173|08/09|01/20|831|
Pedro Linus Lopez|4278 6247 4788 9809|05/09|05/22|586|
Gabriel Ribas Lobo|5471 6073 9758 4116|03/10|01/22|032|
Restituta Lobo Reyes|3008 5354 0037 8671|10/09|02/22|848|
Emiliano Punset Vallejo|3433 2809 9380 5948|07/10|11/20|090|
Jose Punset Avila|7282 8456 8762 2995|11/10|06/22|709|
Gabriel Cozar Mas|8914 8725 3367 5803|09/10|06/22|412|
Blas Marques Moss|5290 9407 3401 2072|03/10|05/20|552|
Gabriel Poza Locke|4425 3097 8495 4448|08/10|02/20|438|
Clodoveo Gibson Argudo|6676 2626 1909 1699|03/10|03/22|728|
Restituta Punset Reyes|5886 8882 2572 0513|04/09|08/20|711|
Gonzalo Pelaez Gibson|3126 8930 0835 3535|05/10|08/22|974|
Gabriel Lopez Moreno|1252 3324 9209 6212|05/09|05/20|784|
Alfredo Gibson Garau|6942 1391 3647 5531|06/09|02/20|843|
Camilo Ribas Reyes|3071 4771 2963 6070|06/10|10/22|116|
Jack Garau Punset|2900 3414 2887 7031|07/09|10/20|032|
Blas Coll Avila|6228 9763 9912 4236|03/09|01/22|538|
Alfredo Padro Garau|7940 4154 7644 2681|10/10|06/20|872|
Jack Morales Cozar|8843 4376 7317 2636|09/10|03/22|519|
Pedro Vallejo Linus|7536 3607 3148 9260|01/09|06/20|456|
Randall Ribera Gonzalez|6480 3512 9324 1650|02/09|11/20|359|
Alberto Dominguez Ribas|1734 5970 0722 9648|05/10|01/22|181|
Emiliano Marques Ribas|3641 6323 2951 1057|02/10|07/20|599|
Irene Poza Pomares|6688 9325 0839 1377|10/09|01/20|936|
Alfredo Dans Moreno|5169 4430 7795 9544|08/09|11/20|201|
Irene Argudo Gibson|3839 5489 9576 4091|02/10|04/22|450|
Restituta Poza Lobo|4325 3974 0714 2162|02/10|07/22|359|
Gabriel Cozar Lobo|6679 7736 4401 3209|08/10|03/20|372|
Camilo Marques Dans|0852 2229 4220 1387|06/09|04/20|001|
Gabriel Moss Argudo|6865 6410 7472 8483|06/09|09/20|906|
Pedro Gonzalez Marques|9085 3178 4328 6113|10/10|01/22|950|
Gabriel Punset Dominguez|0304 2467 3939 1023|09/09|05/22|958|
Camilo Moreno Torres|7287 0498 5581 0954|11/10|04/20|288|
Pedro Poza Vallejo|3206 4594 0183 5540|08/10|02/20|897|
Francisco Torres Pelaez|5969 4453 9454 7925|07/09|03/22|848|
Eva Punset Martinez|7924 4038 5910 3973|09/09|09/20|359|
Margarita Narvaez Gracia|9161 0185 8057 7949|10/10|07/20|521|
Jose Poza Lopez|9285 0240 3718 0674|09/09|11/20|370|
Sofia Punset Argudo|9199 4740 2139 7697|10/09|11/20|900|
Benjamin Mas Cozar|7673 5600 2745 0034|05/10|03/20|821|
Irene Argudo Narvaez|2452 6425 0482 8695|11/10|11/22|653|
Jack Coll Narvaez|0856 8806 2569 9906|04/09|04/20|279|
Petra Mas Morales|0987 1662 8921 7391|05/09|06/22|726|
Petra Lopez Pelaez|9072 6771 9063 3397|01/10|10/20|692|
Benjamin Lobo Torres|3540 3574 5563 5172|02/10|09/20|079|
Alberto Morales Moss|6341 5038 2003 4923|02/09|04/20|585|
Gonzalo Dans Mojamuto|2909 2817 7399 1398|09/09|02/20|033|
Gonzalo Torres Poza|6679 4071 5140 5777|10/10|04/22|774|
Kate Dominguez Pomares|0787 4184 3426 4660|01/10|05/20|172|
Jack Sparrow Gracia|1877 7050 9633 1450|01/10|07/22|630|
Armando Mas Padro|1217 6141 1230 9342|08/10|07/22|920|
Clodoveo Martinez Coll|3564 4963 8245 6441|06/09|09/20|615|
Jack Poza Gracia|2041 7819 9707 9934|10/10|08/22|689|
Hugo Mojamuto Narvaez|0112 4772 7879 8729|04/09|11/20|667|
Restituta Dans Narvaez|9228 0679 4508 1696|01/09|03/22|958|
Kate San Martin Sparrow|6715 6058 8988 3734|03/09|08/22|547|
Restituta Gonzalez Cozar|7017 3460 8932 7472|02/09|01/22|876|
Blas Martinez Narvaez|0143 0079 9794 3267|05/10|06/22|043|
Armando Reyes Reyes|1347 0077 5194 5999|03/10|09/20|346|
Eva Punset Martinez|5623 7319 4140 6523|03/09|10/20|111|
Benjamin Pomares Mojamuto|6712 0447 4191 5824|10/09|03/22|771|
Emiliano Marques Gibson|3363 0836 7658 1669|07/10|02/22|442|
Alberto Dans Gibson|0837 4105 7595 0250|03/09|08/20|104|
Restituta Mas Locke|4289 0289 0303 2734|07/10|08/20|908|
Gabriel Reyes Padro|5695 2219 3669 2020|06/09|07/20|155|
Jose Gibson Mas|2370 8195 4216 0532|08/10|08/22|817|
Clodoveo Argudo San Martin|6461 8131 6108 8783|10/09|06/20|879|
Benjamin Martinez Punset|3016 3267 1212 6842|11/10|09/20|541|
Luis Padro Reyes|9166 1902 8682 3862|10/09|10/20|885|
Enjuto Gracia Reyes|4510 6530 1636 8736|05/09|10/20|084|
Alfredo Argudo Morales|9280 9812 7392 6098|03/09|09/20|505|
Blas Pelaez Reyes|2879 1663 3967 3466|02/09|01/20|676|
Gonzalo Coll Vallejo|0999 7842 9712 8507|10/10|07/20|977|
Luis Padro Cozar|4149 8012 6121 0088|02/10|03/20|546|
Hugo Martinez Torres|3214 1951 7909 0552|11/10|09/22|157|
John Cozar Lopez|0216 6314 2489 3915|03/09|09/22|282|
Emiliano Mojamuto Argudo|0219 3686 4421 2807|06/09|05/20|624|
Irene Dans Mojamuto|9170 7678 0488 1801|07/09|01/22|944|
Sofia Mas Ribas|6164 6252 7368 7008|03/10|05/20|004|
Jack Linus Lopez|2929 3482 8308 0703|03/09|03/22|501|
Francisco Locke Sparrow|8028 1945 6490 1839|10/09|11/22|553|
Restituta Martinez Dans|8830 1638 1302 7257|08/09|09/20|440|
Jack Lobo Morales|4949 6750 6037 7998|01/10|07/20|445|
Sofia Narvaez Reyes|2375 9383 3168 5098|02/09|03/22|500|
Luis Gonzalez Lopez|4958 5662 7348 6335|01/09|03/22|664|
Restituta Moss Mas|6163 8002 0596 7313|08/10|07/22|966|
Blas Mas Vallejo|9612 6870 6852 7638|10/10|03/22|830|
Gabriel Pelaez Ribera|9936 7935 4854 6226|10/10|04/22|389|
Blas Moreno Dans|3425 8524 6625 7421|10/10|03/22|025|
Camilo Punset Poza|9148 5484 2603 9168|05/10|02/22|179|
Enjuto Gibson Ribera|5793 3107 3439 1728|06/10|05/22|519|
Sofia Dans Martinez|4184 1824 4557 3213|03/09|09/20|732|
Hugo Cozar Cozar|6421 2649 9098 8183|02/09|01/22|156|
Gabriel Mas Punset|6362 3785 5232 8979|11/09|09/20|972|
Kate Gibson Gonzalez|8239 7409 6320 1158|07/10|03/22|563|
Gonzalo Coll Locke|5606 7334 7016 8903|06/10|11/22|216|
Enjuto Reyes Gracia|9137 2352 0759 2511|02/10|11/22|457|
Luis Morales Coll|5168 3353 1139 1073|07/10|09/22|606|
Luisa Morales Lopez|2204 1185 6065 2067|05/09|09/20|696|
Camilo Martinez Reyes|2339 3498 4428 9288|02/09|04/22|601|
John Gibson Vallejo|1011 9914 3414 4939|09/10|08/20|399|
Pedro Gonzalez Sparrow|2433 4944 0165 5832|03/09|05/22|167|
Hugo Poza Gibson|5637 6710 2455 6358|03/09|11/20|449|
Gonzalo Pomares Ribera|4404 6471 5899 7214|06/09|09/22|832|
Blas Moss Ribas|9748 9037 6814 4436|06/10|05/22|531|
Pedro Linus Gibson|4251 9190 1522 3782|11/10|10/20|083|
Kate Dans Lopez|8265 4098 8244 0499|02/09|11/20|809|
Gabriel Ribas Mas|6847 3206 0126 5134|05/09|01/20|438|
John Ribera Mojamuto|3970 1185 2779 7952|05/10|08/22|806|
Eva Ribera Morales|2735 7171 0103 9596|03/10|01/20|591|
Jose Marques San Martin|8930 2713 9532 0628|08/10|03/22|740|
Randall Pomares Lopez|5477 5976 0530 4569|05/09|04/22|722|
Kate Cozar Martinez|3768 8902 4920 8905|07/09|11/22|363|
Petra Ribas Dominguez|9791 7744 5452 7645|05/10|06/22|700|
Irene Morales Moss|6951 6548 5466 2589|06/10|08/22|684|
John Avila Torres|7367 7996 2566 6680|02/09|08/22|782|
Eva Locke Argudo|1003 5573 0667 6187|04/10|05/20|047|
Sofia Poza Linus|3547 2453 0136 4572|09/10|10/22|861|
Benjamin Avila Poza|9364 7011 1705 6908|07/10|02/22|390|
Irene Mas Argudo|6699 9288 8258 9524|11/09|05/22|123|
Clodoveo San Martin Garau|6019 2700 3221 6630|11/09|10/20|344|
Enjuto Ribas Gracia|9112 5301 3413 0995|09/10|09/20|843|
Jack Morales Martinez|3017 7590 8302 4008|10/09|03/20|287|
Kate Gracia Pelaez|1014 7922 0026 9134|04/10|08/22|929|
Enjuto Narvaez Locke|6640 6166 9163 8761|08/10|10/20|837|
Randall Gonzalez Avila|2190 8821 2473 9911|09/09|04/22|896|
Randall Garau Argudo|3187 4183 4275 2657|05/09|03/22|976|
Benjamin Narvaez Garau|1367 5375 7277 0859|07/09|03/20|306|
Eva Dans Ribas|9824 8960 1344 7995|05/10|07/20|978|
Petra Pelaez Reyes|4072 2834 1758 9624|06/09|03/22|490|
Alberto Moss Mojamuto|2991 2903 8906 2789|07/10|05/22|051|
Alfredo Avila Moss|7951 0609 3526 9015|07/10|08/22|367|
Armando Torres Avila|9037 9896 7871 2325|06/09|05/20|175|
Benjamin Sparrow Sparrow|9427 7423 3279 7878|07/10|08/20|807|
Clodoveo Torres Sparrow|3941 3567 6192 2071|02/10|11/22|218|
Benjamin Linus Gracia|4627 7416 0986 6729|04/10|09/20|571|
Gabriel Punset Sparrow|3363 2380 5412 0714|04/10|02/20|982|
Kate Dans Linus|7584 9909 9539 5492|11/10|09/22|970|
Jose Gibson Martinez|1213 9091 8044 9230|09/10|06/22|792|
Enjuto Coll Ribera|7078 9149 8441 1749|06/10|08/22|088|
Randall Gracia Ribera|5744 2474 8988 2202|09/10|05/22|475|
Luis Garau Reyes|6480 7195 2359 1546|11/10|06/20|106|
Luisa Morales Padro|3819 9312 0014 7474|06/10|08/20|427|
Pedro Coll Pomares|1879 1110 6151 0722|08/09|05/20|383|
Luisa San Martin Torres|2771 4521 3844 1276|04/10|08/20|432|
Armando Vallejo Narvaez|3865 6068 3543 2820|01/09|03/22|487|
Irene Ribas Moreno|8047 9593 6805 1634|06/09|08/22|568|
Irene Garau Sparrow|8484 5959 8515 5650|07/09|11/20|846|
Benjamin Coll Garau|2592 3315 0236 3723|01/10|02/22|643|
Francisco Martinez Lopez|1434 2710 9029 9700|07/10|03/22|758|
Armando Morales Dans|0257 3077 3281 8467|08/09|04/20|670|
Alberto Avila Padro|0678 2312 1409 6985|08/10|01/22|386|
Armando Martinez Locke|3400 9050 5710 6376|11/10|09/22|487|
Randall Lopez Dominguez|9332 3057 2111 7687|04/10|09/22|908|
Francisco Cozar Pomares|6728 6430 0980 7370|07/10|03/22|769|
Hugo Vallejo Morales|3314 1783 1696 8540|02/09|03/20|003|
Irene Argudo Garau|9055 6042 5862 5586|09/10|01/20|763|
Blas Moreno Ribas|6657 3035 5163 8638|11/09|05/22|094|
Armando Punset Martinez|5690 3379 6539 2388|06/10|04/20|357|
Kate Vallejo Coll|0869 8240 6558 7720|02/09|01/22|987|
Petra Marques Ribera|0756 9297 6937 4618|02/09|01/20|905|
Armando Moss Reyes|0509 6095 8096 7568|06/09|03/20|464|
Margarita Cozar Martinez|8587 7226 4216 9172|05/10|03/22|342|
John Narvaez San Martin|7971 0360 9383 1009|10/09|08/20|143|
Benjamin Sparrow Gonzalez|4836 2557 0941 1888|07/09|11/20|826|
Camilo Cozar Padro|0640 5258 9607 4231|03/10|04/20|369|
Petra Moreno Locke|3229 0799 0648 4746|08/09|07/20|512|
Petra Ribera Dominguez|7175 6348 1896 0566|07/10|11/22|295|
Clodoveo Mojamuto Moss|9217 0228 5759 1779|03/09|11/22|982|
Luis Coll Moreno|1848 3737 5915 8366|02/10|07/20|090|
Irene Pomares Garau|0303 4534 9893 7163|02/10|04/20|069|
Blas Reyes Ribas|3268 8014 1545 7470|08/09|07/22|261|
Petra Vallejo Marques|2183 2750 8296 0915|05/10|02/20|028|
Camilo Padro Cozar|9559 1340 3180 4112|02/09|04/20|379|
Kate Gonzalez Ribas|1599 9965 7756 8897|08/09|09/22|567|
Jack Locke Sparrow|3831 0995 1993 8725|01/10|09/22|393|
Emiliano Lobo Dans|0367 7837 2123 6005|08/09|05/22|881|
Randall Morales Sparrow|0242 1157 2950 4402|05/09|07/22|194|
Kate Gracia Pelaez|6787 0901 1766 8660|02/10|02/20|360|
Clodoveo Dominguez Lobo|5159 4058 1410 1803|09/10|09/20|739|
Randall Dans Argudo|7690 6416 7154 3785|08/09|10/20|569|
Pedro Argudo Pomares|4855 0862 4080 8227|11/09|09/22|273|
Armando Padro Padro|8477 2880 0754 2169|08/10|07/22|552|
John Narvaez Sparrow|1883 0545 1299 9381|11/09|05/20|011|
Gonzalo Garau Dans|6087 7890 6775 3833|08/09|06/22|467|
Sofia San Martin Dominguez|9284 3070 7906 7250|03/10|08/20|212|
Luisa Linus Argudo|9609 7838 8286 4757|08/09|09/22|552|
Blas Sparrow Mas|1307 3476 2106 1715|11/09|06/20|055|
Gabriel Lobo Moss|1368 0751 9055 5473|01/10|07/20|006|
Benjamin Padro Martinez|5062 8896 2758 5050|06/10|04/20|827|
Luis Lobo Vallejo|7708 4960 4654 1709|02/10|02/20|979|
Emiliano Dans Gonzalez|6328 1086 5100 5094|02/09|01/22|803|
Jose Cozar Pomares|0515 2231 8888 9393|04/09|07/20|839|
Luis Garau Vallejo|6570 2044 2144 7024|03/09|09/20|750|
Benjamin Mas Gracia|4423 9474 4349 5978|07/10|06/20|166|
Pedro Dominguez Coll|3036 4745 8407 9727|08/10|02/20|837|
Clodoveo San Martin Argudo|0624 5719 3798 7044|05/09|11/20|551|
Margarita Punset Mojamuto|2860 2255 8708 1042|07/09|05/20|396|
Jose Dans Ribera|1405 8429 0953 7028|11/10|02/20|925|
Pedro Lobo Ribas|5661 1641 6875 3689|08/10|06/22|131|
Francisco Argudo Lobo|0633 0362 3594 7410|03/09|08/22|222|
Blas Locke Moss|9034 6079 5665 1457|01/09|01/20|523|
Alberto Argudo Lobo|8372 9415 1098 0943|08/09|09/20|965|
Emiliano Padro Garau|4971 2001 4116 0949|09/09|08/20|401|
Clodoveo Punset Morales|5553 9243 9350 1190|03/10|01/20|867|
Hugo Ribas Narvaez|6576 3987 5608 6502|11/09|09/22|297|
John Marques Lopez|4801 6258 8906 5816|09/10|01/20|912|
Benjamin Sparrow Lobo|8147 9091 5683 3248|10/10|09/22|704|
Alfredo Dans Dominguez|1752 2701 9506 1587|05/09|08/22|762|
Restituta Gracia Moreno|6981 8172 0382 9519|09/10|07/20|762|
Pedro Reyes Garau|4939 1442 8701 6783|11/09|02/22|932|
Benjamin Moreno Coll|8415 4233 4846 3071|05/09|03/20|949|
Alfredo Coll Mojamuto|6423 9672 6853 1098|09/10|11/20|073|
Petra Mojamuto Coll|5513 7101 3750 1207|11/09|09/20|600|
Emiliano Gracia Linus|8292 7812 9110 8247|03/10|05/20|790|
Petra Lopez San Martin|8318 5103 8898 3075|01/09|11/20|960|
Francisco Garau Marques|3016 6087 6221 3994|10/10|05/22|816|
Petra Argudo Gibson|7614 8712 1762 1685|04/09|10/22|075|
Luisa Coll Locke|9720 0929 7818 0451|01/10|03/22|596|
Jack Avila Argudo|1580 9827 9493 0340|05/09|07/20|246|
Gonzalo Lobo Poza|9960 3037 9557 8311|05/09|08/20|106|
Pedro Marques Morales|9358 3354 7308 0818|09/09|08/22|313|
Petra Argudo Pelaez|2714 4399 7063 7350|03/09|09/22|095|
Armando San Martin Mas|6469 6920 7121 1225|10/09|11/22|864|
Francisco Reyes Gonzalez|9586 9926 4278 8424|09/10|06/22|009|
Kate Gonzalez Gonzalez|2830 1142 4459 2093|09/10|07/22|326|
Gabriel Gibson Gonzalez|0924 1743 4886 6804|10/09|08/22|361|
Margarita Cozar Avila|7748 5100 1023 9434|11/09|07/22|068|
Margarita Punset Mas|1759 2985 5049 3075|02/09|08/22|463|
Eva Ribas Punset|5618 4044 5177 2923|06/10|04/22|133|
Kate Narvaez Torres|0804 2897 5386 4282|07/10|10/20|633|
Enjuto Torres Poza|2608 9413 0411 9522|02/09|01/22|771|
Clodoveo Dans Moreno|4571 4007 5897 7589|08/10|01/22|354|
Pedro Martinez Pelaez|0188 3264 3082 8094|11/09|08/20|513|
Petra Torres Dans|0076 3000 3516 9645|09/10|01/22|489|
Jose Moss Martinez|8588 2872 7977 9766|09/10|07/20|319|
Francisco Marques Vallejo|6343 5866 7278 4444|03/09|06/22|592|
Emiliano Reyes Lopez|3066 0657 3098 2417|03/10|07/20|716|
Hugo Pomares Torres|1419 9514 4182 1635|04/09|08/20|832|
Blas Reyes Reyes|5169 4816 3844 1465|02/09|09/22|165|
Camilo Mas Avila|7096 6864 9138 1685|04/09|06/22|911|
Luisa Coll Moss|2811 7255 9242 1391|01/09|08/22|552|
Alfredo Cozar Morales|0535 2953 9565 2969|04/10|06/22|742|
Kate Ribera Reyes|2355 3990 4548 5762|02/10|10/22|816|
Irene Narvaez Lobo|6259 7725 5676 9212|08/10|04/22|241|
Gonzalo Morales Marques|0080 1766 7172 7737|06/10|05/22|093|
Randall Pelaez Torres|1569 2960 0229 3388|07/10|05/20|232|
Jack Dominguez Avila|8833 1804 6214 7823|09/09|09/22|925|
Camilo Gracia Torres|3655 9418 8875 5923|07/10|10/20|909|
Sofia Argudo Gibson|4345 3558 4263 9615|11/09|03/22|866|
Blas Argudo Argudo|3561 1300 9813 5291|04/09|03/20|638|
Alfredo Reyes Martinez|3576 6965 0106 8036|06/09|11/22|334|
Kate Moreno Ribera|5326 3150 0173 6139|08/10|08/22|910|
Jose Pelaez Dominguez|4081 0005 5798 5140|06/09|06/20|519|
Enjuto Gonzalez Argudo|2246 1863 0981 4055|10/09|07/22|797|
Blas Linus Cozar|4647 9938 1580 6959|02/09|05/20|482|
Pedro Locke Narvaez|9679 7717 7066 4269|10/10|08/20|956|
Gonzalo Ribera Narvaez|5783 1924 7857 2486|01/09|03/22|560|
Randall Pelaez Avila|2126 7267 3873 2721|10/10|11/22|632|
Jack Avila Reyes|1478 5533 4277 5567|03/09|05/22|049|
Randall Mojamuto Avila|7841 4801 4201 2766|01/10|04/22|625|
Eva Punset Gibson|5888 0158 3195 3341|11/09|01/20|881|
Randall Narvaez Moreno|8114 0602 3646 1838|10/10|09/22|025|
Petra Gonzalez Narvaez|3502 6224 2462 4483|08/10|06/20|961|
Jack Reyes Gonzalez|0055 5622 2006 2806|01/09|04/20|577|
Petra Martinez San Martin|7164 9930 2684 1915|07/10|07/20|295|
Clodoveo Locke Pomares|8327 1670 8046 6663|08/10|09/20|512|
Pedro Poza Marques|8263 0103 8039 5097|04/10|06/20|461|
Margarita Narvaez Poza|4653 9137 6110 6981|10/10|01/22|218|
Armando Mas Mas|5454 8260 0827 6734|06/09|04/22|344|
Sofia Torres Narvaez|5022 6937 3380 0032|03/10|05/22|233|
Luisa Pelaez Dans|0329 6993 2986 6327|05/09|04/22|228|
Eva Avila Argudo|2803 7900 1306 0056|10/10|03/20|475|
Jack Martinez Torres|0465 7446 9276 4357|08/10|11/22|435|
Enjuto Pomares Martinez|9387 6122 2074 4085|03/09|07/22|855|
Eva Marques Locke|9360 9392 5317 8980|09/09|05/20|597|
Luisa Sparrow Linus|9709 6037 0187 9096|06/10|05/20|671|
Gabriel Narvaez Garau|4546 4602 0992 7621|08/09|08/22|323|
Enjuto Garau Poza|2762 7119 6193 8251|06/10|06/20|348|
Gonzalo Vallejo Poza|4115 8200 2032 9663|09/09|04/20|203|
Benjamin Garau Pomares|9510 8492 0299 5196|06/09|08/22|418|
Kate Poza Dominguez|1907 1005 6322 3502|08/09|01/20|171|
Petra Ribera Mojamuto|7304 4926 9652 4318|06/10|07/20|630|
Pedro Sparrow Ribas|5220 3472 5532 3393|08/09|05/20|901|
Pedro Mas Ribas|2132 1796 3211 8656|09/10|04/20|009|
Hugo Marques Cozar|2390 7587 9855 6347|11/09|11/20|208|
Hugo Mojamuto Coll|0831 4334 2778 7940|11/10|10/22|450|
Blas Linus Ribera|1840 6159 7546 4373|03/09|06/22|218|
Gabriel Vallejo Ribas|0826 4220 9045 6698|02/09|08/20|528|
Alberto Dans Gracia|7798 6455 9832 9607|06/10|01/20|458|
Armando Padro Vallejo|4051 0400 9744 9204|11/09|05/20|419|
Pedro Gonzalez Gibson|8021 5963 2180 4445|08/09|01/22|523|
Margarita Torres Morales|0597 4971 2173 3420|01/09|07/20|304|
Sofia Mas Reyes|1859 8558 0581 5895|01/10|05/22|281|
Camilo Sparrow Morales|3257 2866 2668 2123|03/09|02/22|342|
Sofia Morales Dans|0980 0186 8367 4771|02/10|02/20|123|
Camilo Linus Mas|5874 0321 5616 5683|07/10|04/22|369|
Petra Morales Lobo|4526 7946 2235 3047|04/10|02/20|235|
Jose Dominguez Mas|6871 2768 3802 5714|04/09|08/22|628|
Hugo Coll Vallejo|2145 4269 0940 2052|09/10|05/22|946|
Hugo Dans Ribas|0411 5183 0553 6393|04/10|03/20|204|
Jose Morales Gracia|8738 4422 2108 5438|09/09|07/20|311|
Irene Coll Mas|7967 1015 0541 4120|07/09|08/22|572|
Francisco Narvaez Sparrow|5916 1631 7919 5341|06/10|03/20|211|
Enjuto Dans Gracia|8032 0085 1776 5231|10/09|02/22|708|
Gonzalo Linus Martinez|6062 2456 6757 4536|08/10|06/20|550|
Clodoveo Coll Ribas|8517 3956 8326 4489|02/10|01/20|640|
Hugo Garau Coll|4961 9081 7432 2485|05/10|10/22|441|
Irene Lopez Locke|8618 3960 8513 6859|06/09|11/22|069|
John Dominguez Cozar|5679 0911 5577 2266|11/09|06/20|389|
Randall Narvaez Reyes|7803 2340 8208 9871|04/10|08/20|104|
Clodoveo Vallejo Torres|7334 1824 9319 3554|09/09|06/20|899|
Alberto Pomares Linus|6335 8821 0827 5409|11/09|02/20|889|
Margarita Coll Ribas|4397 1258 9425 8829|09/10|01/22|587|
Armando Poza Ribas|8256 0523 8285 1183|09/09|03/20|267|
Eva Gracia Martinez|1096 0969 8008 5445|08/09|01/22|288|
Emiliano Marques Punset|2426 5981 7292 7265|06/09|04/20|310|
Margarita Ribas San Martin|7794 3205 1649 9309|01/10|10/22|696|
Alberto Avila Dans|1382 0213 3036 1054|10/09|06/20|195|
Francisco Reyes Morales|5673 6856 6949 3821|09/10|09/22|738|
Francisco Locke Gonzalez|9020 4466 4675 9770|09/09|04/20|101|
Alfredo Moss Ribas|5219 2486 1645 2401|07/10|02/20|791|
Restituta Punset Sparrow|3982 3293 1955 1004|10/09|05/20|233|
Camilo Vallejo San Martin|1279 2334 7276 4800|10/10|09/22|823|
Restituta Mojamuto Lobo|1196 5017 2403 0369|10/09|10/20|424|
Camilo Dominguez Pomares|3943 3715 6718 3076|05/10|07/22|925|
Blas Punset Vallejo|0786 3187 3377 1796|01/10|03/22|913|
John Gibson Torres|0323 1328 4919 3701|09/09|10/20|835|
Armando Gonzalez Mojamuto|1159 5960 6651 5416|10/09|09/22|387|
Gonzalo Pelaez Cozar|0953 1323 2766 6977|08/09|10/22|854|
Sofia Ribas Dominguez|6204 9280 8601 9104|03/10|03/20|947|
Hugo Locke Linus|6434 8230 1531 9241|08/10|03/22|305|
Francisco Padro Argudo|0952 4653 5631 4299|02/09|11/22|602|
Armando Poza Ribera|9802 5219 3563 0761|05/10|01/22|314|
Kate Lobo Reyes|2658 9636 6338 8820|05/10|04/20|988|
Pedro Garau Mojamuto|9490 8596 3336 0120|09/10|10/22|088|
Sofia Garau Ribas|1754 0996 4168 5635|01/09|04/22|022|
Margarita Reyes Moss|9895 4196 1157 5468|08/10|04/20|426|
Clodoveo Lopez Lopez|1818 2580 8002 2411|05/09|08/22|824|
Eva Punset Marques|0033 8854 4884 2891|01/10|06/22|369|
Clodoveo Gibson Martinez|2369 2489 0955 1275|08/10|04/20|902|
Enjuto Punset Lopez|8255 3892 0623 7205|10/09|04/20|408|
Luisa Punset Punset|6596 2065 5840 9948|10/10|10/20|543|
Irene Locke Dans|1411 3822 1344 2066|02/09|05/20|340|
Blas Ribera Ribera|1010 3902 2558 9534|05/10|09/20|611|
Benjamin Reyes Gibson|4431 5706 0589 9020|11/10|10/20|347|
Jack Narvaez Dans|5168 2374 7103 5371|05/09|05/20|454|
Gabriel Lopez Moss|7449 7399 2059 3577|01/10|06/20|160|
Irene Padro Dominguez|0771 2837 1159 4802|03/09|02/20|941|
Randall Lopez Padro|0606 0141 6800 6502|11/10|03/20|803|
Enjuto Argudo Locke|5387 4408 4492 8139|04/09|02/22|479|
Enjuto Poza Gibson|0554 5926 7485 7857|06/09|10/22|344|
Randall Moreno Poza|5408 8986 6971 9444|01/10|05/20|334|
Enjuto Martinez Punset|5311 0114 1498 0970|01/09|02/20|414|
Alfredo Argudo Torres|2048 8551 3203 6056|03/09|11/22|524|
Camilo Moss Pomares|3856 1997 2906 7695|11/10|02/20|935|
Emiliano Moreno Locke|2491 0349 6049 6670|07/10|09/22|500|
Alfredo Linus Garau|1356 0801 0438 1022|09/10|03/22|437|
Enjuto Garau Dans|2453 3423 3351 5778|04/10|11/22|095|
Luis Dans Gracia|4535 0592 8648 8287|08/10|07/22|133|
Restituta Coll Ribera|2239 9935 7639 3658|11/09|11/20|932|
Emiliano Gonzalez Narvaez|9044 5715 9274 7231|10/09|09/20|299|
Gabriel Ribas Lopez|4415 5438 7000 9885|06/10|03/22|397|
Pedro Vallejo Locke|5792 1572 9516 6634|09/10|11/22|243|
Enjuto Narvaez Ribera|6419 4708 2833 1978|03/09|09/20|776|
Alberto Linus Pelaez|9637 3296 3683 2160|08/10|11/22|199|
Francisco Sparrow Moreno|3234 0466 2999 7721|03/10|04/22|395|
Hugo Cozar San Martin|0488 0374 8659 6463|06/10|06/20|348|
Benjamin Ribas Mas|8849 5485 1546 3483|04/10|05/22|932|
Jose Gibson Lobo|4988 6967 3770 0166|04/09|04/20|215|
Irene Gracia Narvaez|9536 1697 6332 8515|06/10|10/20|584|
Luisa Punset Argudo|8031 5754 8888 4074|01/09|11/20|502|
Petra Ribera Mas|6780 3245 7573 1143|07/09|03/20|811|
Jose Narvaez Punset|8408 1893 7692 1291|04/09|04/20|685|
Camilo Morales Ribas|2549 2716 8439 3836|08/09|07/20|877|
Randall Narvaez Pelaez|0099 8614 5384 5556|02/09|02/22|376|
Eva Vallejo Argudo|9324 3399 4696 0653|11/10|07/20|043|
Hugo Mas Argudo|5397 6540 6022 9449|06/09|06/22|781|
Benjamin Avila Argudo|4236 5527 8946 5803|08/09|07/20|653|
Luis Padro Morales|7937 1775 4160 5581|06/09|08/22|948|
Sofia Avila Avila|0323 5879 5165 4381|08/09|09/22|493|
Jack Locke San Martin|6293 6946 0035 5213|10/10|08/22|159|
Camilo Narvaez San Martin|0552 0002 3389 0240|01/09|03/22|452|
Francisco Gracia Morales|1523 7326 6066 1000|09/10|06/22|257|
Clodoveo Moss Lobo|3452 9034 4898 1962|11/09|10/22|928|
Alfredo Punset Mojamuto|2711 7093 9820 8265|02/09|05/22|753|
Clodoveo Mojamuto San Martin|5004 0219 6333 7119|01/09|04/22|496|
Gabriel Pelaez Gracia|6236 6476 8998 6995|03/09|08/20|284|
Francisco Reyes Gonzalez|3610 4610 7763 7736|10/10|07/20|753|
Irene Gonzalez Cozar|7573 9535 2682 3688|01/09|05/22|267|
Jack Poza Reyes|5602 3868 7627 8495|10/10|06/20|577|
Gonzalo Lopez San Martin|4521 1641 1478 3705|07/10|10/20|817|
Francisco Locke Torres|0537 7533 0528 8899|04/09|01/22|153|
Kate Morales Martinez|2769 0506 1857 2276|06/09|01/20|500|
Gonzalo Martinez San Martin|0359 4047 9132 8072|11/09|05/22|766|
Sofia San Martin Cozar|5259 3755 6875 3057|03/10|09/22|762|
Jack Vallejo Gibson|4146 7852 3975 7280|11/10|09/22|266|
Restituta Dominguez Avila|4336 3236 2125 7270|02/09|01/20|380|
Luisa Pelaez Torres|7396 9672 5666 5458|02/09|01/20|553|
Blas Punset Mojamuto|4756 2830 9922 2438|03/10|06/20|561|
Gabriel Torres Martinez|0942 3999 5172 4589|11/09|07/22|406|
Gabriel Gonzalez Padro|6206 3488 3848 5050|02/09|01/20|222|
Emiliano Locke Lopez|8552 5824 7309 9125|11/10|04/20|642|
Enjuto Morales Padro|9737 5196 3824 6515|01/10|05/20|406|
Clodoveo Dominguez Martinez|3154 5592 7312 6744|10/09|08/20|322|
Eva Dominguez Morales|5976 0567 4547 5912|06/10|08/22|080|
Alfredo Reyes Pomares|2139 7190 6576 6275|09/09|02/22|828|
Petra Martinez Locke|2118 1244 1211 1257|09/10|03/22|480|
Eva Dominguez Garau|4456 0973 4430 2720|03/10|01/20|063|
Gonzalo Punset Argudo|7432 4177 4042 9405|04/09|03/20|011|
Irene Mojamuto Lobo|2706 8619 6246 3903|06/10|09/22|815|
Eva Linus Ribas|5798 2074 7185 5330|11/09|10/20|921|
Jack Coll Garau|7815 9073 7240 9574|05/10|10/20|659|
John Sparrow Cozar|9043 1765 8173 1808|10/10|09/22|460|
Gabriel Mas Garau|3534 2941 1366 6227|07/09|03/22|948|
Camilo Gracia Dominguez|0480 4384 2481 2332|01/09|07/20|422|
Margarita Ribas Mas|6970 2302 4548 8754|03/10|01/22|977|
Benjamin Poza Cozar|0016 9590 7930 6496|04/09|01/22|277|
Restituta Reyes Mas|7791 9600 3488 9471|11/09|02/22|960|
Kate Reyes Pelaez|6586 2815 5392 6115|06/10|07/22|521|
Randall Gibson Mojamuto|8386 0720 4890 7262|08/09|10/22|590|
Clodoveo Linus Morales|3772 2527 6301 9095|08/10|01/22|921|
Camilo Lobo Lobo|5120 1618 3908 3618|03/10|06/22|718|
Kate Locke Vallejo|9732 9205 2401 7460|09/10|03/22|623|
Francisco Punset Mas|6042 2159 3003 9388|02/10|06/22|064|
Eva Mas Poza|1684 8946 5378 2578|02/09|11/22|678|
Alberto Moss Coll|2301 1397 2739 4760|02/09|04/22|599|
Randall Padro Sparrow|4852 8470 4913 2731|07/10|03/20|094|
Hugo Poza Dominguez|7366 4828 0585 2398|05/10|05/22|496|
Armando Gracia Reyes|3869 3259 6188 7405|04/10|04/22|086|
Emiliano Mojamuto Coll|7631 0210 0646 1627|10/10|02/20|225|
Pedro Ribas Padro|8309 3071 3774 9698|10/09|03/22|556|
John Moss Padro|7709 0441 1546 5221|10/10|06/20|279|
Benjamin Padro Mojamuto|7011 9410 7561 0716|06/10|09/22|642|
Gonzalo Locke Gracia|2293 9698 9516 8550|01/09|08/20|609|
Gabriel Moss Ribera|8168 9796 4862 3532|10/10|03/22|751|
Margarita Moreno Vallejo|3499 3198 9926 8492|10/09|08/20|971|
Jose Dominguez Coll|5500 0723 0999 5561|02/09|11/20|394|
Benjamin Dominguez Gracia|9749 0466 8085 8633|01/09|04/20|218|
Benjamin Garau Mas|7042 5594 3438 2353|01/10|09/20|751|
Irene Reyes Vallejo|1418 4951 0709 9165|03/10|05/22|654|
Jose Gracia Avila|9466 7960 4438 5914|08/10|09/20|953|
Randall Dans Avila|7981 3543 6803 7544|07/09|09/22|697|
Irene Lopez Gracia|1417 0052 3412 3512|06/09|03/20|332|
Hugo Lobo Argudo|3601 5955 5979 8504|01/10|08/22|016|
Benjamin Poza Lobo|3027 2194 2217 8968|11/09|05/22|231|
Enjuto Dans Gonzalez|2608 8523 5118 0922|03/10|03/22|816|
Clodoveo Morales Pomares|5322 2868 4658 9959|04/10|04/22|851|
Alberto Cozar Torres|8650 2164 5179 5804|06/09|05/20|523|
Petra Marques Mas|9618 8123 3274 2498|11/09|03/20|363|
Emiliano Ribera Gonzalez|4615 3584 7903 0344|11/09|02/20|239|
Jack Avila Locke|2706 3629 9035 1933|02/10|09/20|758|
Randall Garau Dans|8218 8178 1182 6567|02/09|06/22|355|
Eva Vallejo Garau|2757 8561 1577 1231|06/09|03/20|757|
Hugo Cozar Lopez|4569 7068 2544 2064|06/09|09/22|129|
Luis Mas Narvaez|3991 4335 3584 4852|07/09|09/20|608|
Clodoveo Mas Martinez|3151 5085 3208 4325|10/10|06/22|411|
John Narvaez Dans|9998 6567 6668 1229|05/10|04/20|880|
Francisco Cozar Avila|6448 7679 0738 5619|07/09|05/22|486|
Randall San Martin Gracia|2347 4411 8628 4390|09/09|01/22|979|
Randall Lopez Morales|4915 9767 0752 9067|07/09|08/22|132|
Hugo Marques Morales|5279 9605 8800 2876|01/09|02/20|206|
Eva Martinez Martinez|3753 4983 8346 4279|02/10|10/22|707|
Randall Mojamuto San Martin|6472 2093 1945 9946|01/09|08/22|572|
Eva Mojamuto Marques|6981 1373 9015 4769|01/09|01/20|834|
Blas Pomares Linus|0430 9498 4957 5090|03/10|05/20|966|
Gabriel Moss Pomares|3326 6202 5028 6651|09/10|08/22|452|
John Poza Linus|3058 7337 3889 4235|06/10|09/20|470|
John Argudo Gibson|5089 5037 5216 5542|03/09|11/22|314|
Randall Torres Pelaez|2562 7331 3139 5474|01/10|02/22|354|
Enjuto Dans Punset|5687 0778 7129 4932|07/09|07/22|072|
Enjuto Poza Sparrow|0517 7168 3610 8698|10/10|08/20|548|
Pedro Martinez Coll|4666 8902 4043 6061|03/09|11/20|077|
Margarita Poza Gibson|1430 6973 6538 6996|09/10|09/22|620|
Emiliano Moreno Gibson|1487 6962 9185 5074|09/09|09/22|833|
Jack Locke Argudo|2540 7473 9441 8161|05/10|07/20|540|
Gabriel Lopez Cozar|4312 3011 7862 0569|05/09|03/20|070|
Luisa Mas Narvaez|5433 1496 0003 7689|02/10|04/22|138|
Pedro Ribas Lopez|6732 3730 0241 8053|04/10|10/22|019|
Blas Ribas Coll|9408 4483 2114 5963|07/10|05/22|022|
Francisco Punset Marques|0854 9016 6482 0822|08/09|03/22|141|
Francisco Morales Punset|2170 2740 4387 6002|05/09|11/22|430|
Gabriel Sparrow Argudo|6056 3747 9911 3392|08/09|09/20|604|
Armando Pelaez Locke|2962 1017 9780 6091|08/09|08/20|271|
Hugo Gonzalez Moss|6186 2151 3177 0388|11/09|06/20|406|
Hugo Gibson Ribas|7431 8254 9930 3891|08/10|05/20|094|
Jose Lobo Moss|6733 2736 6294 3075|07/10|06/22|234|
Gabriel Cozar Moss|3319 6711 5475 2553|01/10|05/22|340|
Jose Poza Locke|9720 5813 0952 0046|02/10|03/22|992|
Margarita Morales Lopez|8478 8866 3449 0440|08/09|04/22|529|
Eva Narvaez Linus|8084 1976 8070 3895|04/10|10/20|814|
Benjamin Mojamuto Moreno|7430 0507 3968 4855|09/10|03/20|113|
John Ribas Garau|7562 0116 4148 5232|06/10|06/20|208|
Benjamin Moss Sparrow|5948 5994 7541 4014|08/09|06/22|499|
Alfredo Ribas Martinez|2707 3148 1933 5048|01/09|08/22|924|
Pedro Marques Pelaez|2148 6043 8511 5830|03/09|04/20|407|
Alfredo Lobo Pomares|9408 4265 5253 0108|08/10|07/20|543|
Jack Martinez San Martin|2329 7562 2723 9874|04/09|02/22|817|
Camilo Moss Dominguez|9153 3169 0353 0660|07/10|07/20|161|
Jose Narvaez Torres|0194 5242 9132 1531|01/09|01/22|825|
Emiliano Locke Punset|5734 1565 6548 3812|08/09|10/22|721|
Petra Sparrow Reyes|8226 8334 6287 9630|08/10|02/20|297|
Jose Gibson Coll|3762 3637 4912 0825|04/10|05/22|103|
John Martinez Moss|3103 3764 8034 8805|04/10|04/22|274|
Luisa Garau Dominguez|0133 1664 5176 2188|05/10|11/22|099|
Armando Sparrow Pomares|3084 6897 7688 4780|05/10|02/22|652|
Armando Torres Coll|7866 7497 9461 2410|02/09|05/22|157|
Luis Avila Gonzalez|8639 9464 6801 0168|04/10|01/22|372|
